[
  {
    "id": "21acb52c-01c6-4f23-a6f6-c0cde0d42291",
    "data": [
      {
        "text": "I\u0027m not going to wait for you",
        "userDefined": false
      }
    ],
    "isTemplate": false,
    "count": 0,
    "updated": 0
  },
  {
    "id": "f2fe6f51-06e6-4fae-85ca-33feda48c0ce",
    "data": [
      {
        "text": "I don\u0027t want to talk about hobbies",
        "userDefined": false
      }
    ],
    "isTemplate": false,
    "count": 0,
    "updated": 0
  },
  {
    "id": "475a495d-86d9-41c5-9c92-b3e62444ce0a",
    "data": [
      {
        "text": "I love spring",
        "userDefined": false
      }
    ],
    "isTemplate": false,
    "count": 0,
    "updated": 0
  },
  {
    "id": "b85ddffd-d452-4f12-8b1d-0a81f5ee9b01",
    "data": [
      {
        "text": "the weather if beautiful",
        "userDefined": false
      }
    ],
    "isTemplate": false,
    "count": 0,
    "updated": 0
  },
  {
    "id": "3afed75a-28b1-46ca-af7c-7abf8cc64811",
    "data": [
      {
        "text": "I didn\u0027t say I\u0027m sad",
        "userDefined": false
      }
    ],
    "isTemplate": false,
    "count": 0,
    "updated": 0
  },
  {
    "id": "8ece5fa2-5273-42e6-878a-1847865b0078",
    "data": [
      {
        "text": "I\u0027m not interested in your age",
        "userDefined": false
      }
    ],
    "isTemplate": false,
    "count": 0,
    "updated": 0
  }
]