[
  {
    "id": "86b653d7-7168-4d49-b6ca-b624221d122a",
    "data": [
      {
        "text": "I\u0027m not going to wait for you",
        "userDefined": false
      }
    ],
    "isTemplate": false,
    "count": 0,
    "updated": 0
  },
  {
    "id": "f44ff407-ceaf-4f74-93bb-863418614b02",
    "data": [
      {
        "text": "I don\u0027t want to talk about hobbies",
        "userDefined": false
      }
    ],
    "isTemplate": false,
    "count": 0,
    "updated": 0
  },
  {
    "id": "3cff9165-59d7-4038-91ea-ff95c3427bf2",
    "data": [
      {
        "text": "I love spring",
        "userDefined": false
      }
    ],
    "isTemplate": false,
    "count": 0,
    "updated": 0
  },
  {
    "id": "7311b91a-ef73-4c75-886a-ca5ecbc92c3f",
    "data": [
      {
        "text": "the weather if beautiful",
        "userDefined": false
      }
    ],
    "isTemplate": false,
    "count": 0,
    "updated": 0
  },
  {
    "id": "851553a5-ed5e-47bd-b917-c45c7051092a",
    "data": [
      {
        "text": "I didn\u0027t say I\u0027m sad",
        "userDefined": false
      }
    ],
    "isTemplate": false,
    "count": 0,
    "updated": 0
  },
  {
    "id": "a4c360a9-9335-44f9-aeaf-6f23231db332",
    "data": [
      {
        "text": "I\u0027m not interested in your age",
        "userDefined": false
      }
    ],
    "isTemplate": false,
    "count": 0,
    "updated": 0
  }
]