[
  {
    "id": "d8cb0fb9-aa38-4407-9d3d-9f7be8bf3fd4",
    "data": [
      {
        "text": "I am ",
        "userDefined": false
      },
      {
        "text": "lonely",
        "meta": "@sys.ignore",
        "userDefined": false
      }
    ],
    "isTemplate": false,
    "count": 0,
    "updated": 0
  },
  {
    "id": "e23195bc-db0a-43da-9763-c0697d171af2",
    "data": [
      {
        "text": "I\u0027m very ",
        "userDefined": false
      },
      {
        "text": "lonely",
        "meta": "@sys.ignore",
        "userDefined": false
      }
    ],
    "isTemplate": false,
    "count": 0,
    "updated": 0
  },
  {
    "id": "956858b8-44b1-430f-b2de-4d135785a90c",
    "data": [
      {
        "text": "I am feeling ",
        "userDefined": false
      },
      {
        "text": "lonely",
        "meta": "@sys.ignore",
        "userDefined": false
      }
    ],
    "isTemplate": false,
    "count": 0,
    "updated": 0
  },
  {
    "id": "45f856b7-ae23-43d1-9281-f1efcedaa15c",
    "data": [
      {
        "text": "I\u0027m really ",
        "userDefined": false
      },
      {
        "text": "lonely",
        "meta": "@sys.ignore",
        "userDefined": false
      }
    ],
    "isTemplate": false,
    "count": 0,
    "updated": 0
  },
  {
    "id": "0d60e5ba-6279-4ee5-b374-3f38af3924f8",
    "data": [
      {
        "text": "I ",
        "userDefined": false
      },
      {
        "text": "feel",
        "meta": "@sys.ignore",
        "userDefined": false
      },
      {
        "text": " ",
        "userDefined": false
      },
      {
        "text": "lonely",
        "meta": "@sys.ignore",
        "userDefined": false
      }
    ],
    "isTemplate": false,
    "count": 0,
    "updated": 0
  },
  {
    "id": "dee8a94e-fa2b-4706-ba36-638010a29c6e",
    "data": [
      {
        "text": "I\u0027m so ",
        "userDefined": false
      },
      {
        "text": "lonely",
        "meta": "@sys.ignore",
        "userDefined": false
      }
    ],
    "isTemplate": false,
    "count": 0,
    "updated": 0
  }
]