[
  {
    "id": "4af9911f-d1ba-48fd-be0a-23a34c5ef028",
    "data": [
      {
        "text": "happy",
        "meta": "@sys.ignore",
        "userDefined": false
      }
    ],
    "isTemplate": false,
    "count": 0,
    "updated": 0
  },
  {
    "id": "511c5e4a-739e-4ea1-a2ed-b88bd1e43dfd",
    "data": [
      {
        "text": "if you\u0027re ",
        "userDefined": false
      },
      {
        "text": "happy",
        "meta": "@sys.ignore",
        "userDefined": false
      },
      {
        "text": " then I\u0027m ",
        "userDefined": false
      },
      {
        "text": "happy",
        "meta": "@sys.ignore",
        "userDefined": false
      }
    ],
    "isTemplate": false,
    "count": 0,
    "updated": 0
  },
  {
    "id": "d31d6441-f414-41a6-b430-9937c212f3a8",
    "data": [
      {
        "text": "I\u0027m happy to see you",
        "userDefined": false
      }
    ],
    "isTemplate": false,
    "count": 0,
    "updated": 0
  },
  {
    "id": "357e6202-8825-40ba-b568-fa662baf6d13",
    "data": [
      {
        "text": "I\u0027m happy to help",
        "userDefined": false
      }
    ],
    "isTemplate": false,
    "count": 0,
    "updated": 0
  },
  {
    "id": "d6b5b542-87b5-4d33-b797-60de7c20bf8f",
    "data": [
      {
        "text": "I am ",
        "userDefined": false
      },
      {
        "text": "happy",
        "meta": "@sys.ignore",
        "userDefined": false
      }
    ],
    "isTemplate": false,
    "count": 0,
    "updated": 0
  },
  {
    "id": "8ca74d76-da82-45b5-9a2a-28779111cfa3",
    "data": [
      {
        "text": "I\u0027m ",
        "userDefined": false
      },
      {
        "text": "happy",
        "meta": "@sys.ignore",
        "userDefined": false
      },
      {
        "text": " to see you",
        "userDefined": false
      }
    ],
    "isTemplate": false,
    "count": 0,
    "updated": 0
  },
  {
    "id": "89491a78-3966-4b7d-ad02-bf54a62cf487",
    "data": [
      {
        "text": "I\u0027m ",
        "userDefined": false
      },
      {
        "text": "happy",
        "meta": "@sys.ignore",
        "userDefined": false
      },
      {
        "text": " for you",
        "userDefined": false
      }
    ],
    "isTemplate": false,
    "count": 0,
    "updated": 0
  }
]