[
  {
    "id": "2ef07ed1-6068-40a8-ac6f-e1c6291caaa2",
    "data": [
      {
        "text": "I am ",
        "userDefined": false
      },
      {
        "text": "lonely",
        "meta": "@sys.ignore",
        "userDefined": false
      }
    ],
    "isTemplate": false,
    "count": 0,
    "updated": 0
  },
  {
    "id": "4547b81b-9f06-4858-bab4-a0e3660ed8f7",
    "data": [
      {
        "text": "I\u0027m very ",
        "userDefined": false
      },
      {
        "text": "lonely",
        "meta": "@sys.ignore",
        "userDefined": false
      }
    ],
    "isTemplate": false,
    "count": 0,
    "updated": 0
  },
  {
    "id": "90734212-1131-4446-8ab4-7bdcd81c8e53",
    "data": [
      {
        "text": "I am feeling ",
        "userDefined": false
      },
      {
        "text": "lonely",
        "meta": "@sys.ignore",
        "userDefined": false
      }
    ],
    "isTemplate": false,
    "count": 0,
    "updated": 0
  },
  {
    "id": "0aff7d32-4c0e-46b1-8ba5-1dbabbd585da",
    "data": [
      {
        "text": "I\u0027m really ",
        "userDefined": false
      },
      {
        "text": "lonely",
        "meta": "@sys.ignore",
        "userDefined": false
      }
    ],
    "isTemplate": false,
    "count": 0,
    "updated": 0
  },
  {
    "id": "9c936290-76d9-4bcd-b786-52f3959a2267",
    "data": [
      {
        "text": "I ",
        "userDefined": false
      },
      {
        "text": "feel",
        "meta": "@sys.ignore",
        "userDefined": false
      },
      {
        "text": " ",
        "userDefined": false
      },
      {
        "text": "lonely",
        "meta": "@sys.ignore",
        "userDefined": false
      }
    ],
    "isTemplate": false,
    "count": 0,
    "updated": 0
  },
  {
    "id": "b98bc7fc-7b1c-49a6-ab89-0843388d38fa",
    "data": [
      {
        "text": "I\u0027m so ",
        "userDefined": false
      },
      {
        "text": "lonely",
        "meta": "@sys.ignore",
        "userDefined": false
      }
    ],
    "isTemplate": false,
    "count": 0,
    "updated": 0
  }
]