[
  {
    "id": "1bdc28b5-5ccf-4dd5-8a93-2785d4fbfbac",
    "data": [
      {
        "text": "I want to ",
        "userDefined": false
      },
      {
        "text": "sleep",
        "meta": "@sys.ignore",
        "userDefined": false
      }
    ],
    "isTemplate": false,
    "count": 0,
    "updated": 0
  },
  {
    "id": "b7325c74-ecec-453f-95ee-708505867a2e",
    "data": [
      {
        "text": "I\u0027m sleeping",
        "userDefined": false
      }
    ],
    "isTemplate": false,
    "count": 0,
    "updated": 0
  },
  {
    "id": "144068b5-db48-4e4a-8899-b33b166331f0",
    "data": [
      {
        "text": "I\u0027m falling asleep",
        "userDefined": false
      }
    ],
    "isTemplate": false,
    "count": 0,
    "updated": 0
  },
  {
    "id": "6049534e-d40b-4924-8e0d-a253af11d1b4",
    "data": [
      {
        "text": "I am sleepy",
        "userDefined": false
      }
    ],
    "isTemplate": false,
    "count": 0,
    "updated": 0
  },
  {
    "id": "b8d54ab3-fb76-4182-b5df-f76d8621772a",
    "data": [
      {
        "text": "I\u0027m ",
        "userDefined": false
      },
      {
        "text": "falling",
        "meta": "@sys.ignore",
        "userDefined": false
      },
      {
        "text": " asleep on my feet",
        "userDefined": false
      }
    ],
    "isTemplate": false,
    "count": 0,
    "updated": 0
  }
]