[
  {
    "id": "ea4184c9-3f0f-4338-bc89-6c592da2fda9",
    "data": [
      {
        "text": "guide ",
        "userDefined": false
      },
      {
        "text": "me",
        "meta": "@sys.ignore",
        "userDefined": false
      }
    ],
    "isTemplate": false,
    "count": 0,
    "updated": 0
  },
  {
    "id": "69169acb-db01-4946-8c39-8eceb4e10bf9",
    "data": [
      {
        "text": "give me a wise advice",
        "userDefined": false
      }
    ],
    "isTemplate": false,
    "count": 0,
    "updated": 0
  },
  {
    "id": "9d102982-39af-45a1-ba56-98b5c80358cf",
    "data": [
      {
        "text": "what do you suggest",
        "userDefined": false
      }
    ],
    "isTemplate": false,
    "count": 1,
    "updated": 0
  },
  {
    "id": "2edfccc4-6131-4c17-975e-30562a63a777",
    "data": [
      {
        "text": "I need advice",
        "userDefined": false
      }
    ],
    "isTemplate": false,
    "count": 0,
    "updated": 0
  },
  {
    "id": "174a57c3-47b2-4c00-80b1-9f11abbec060",
    "data": [
      {
        "text": "I could use some advice",
        "userDefined": false
      }
    ],
    "isTemplate": false,
    "count": 0,
    "updated": 0
  },
  {
    "id": "51d2aaeb-9848-490b-991d-242f7ab43741",
    "data": [
      {
        "text": "can you advise me",
        "userDefined": false
      }
    ],
    "isTemplate": false,
    "count": 0,
    "updated": 0
  },
  {
    "id": "790f34aa-9682-4781-982f-858866d292b8",
    "data": [
      {
        "text": "advise me",
        "userDefined": false
      }
    ],
    "isTemplate": false,
    "count": 0,
    "updated": 0
  },
  {
    "id": "d8ddc88c-1dbe-407f-a114-b3e40a10a140",
    "data": [
      {
        "text": "give me some good advice",
        "userDefined": false
      }
    ],
    "isTemplate": false,
    "count": 1,
    "updated": 0
  },
  {
    "id": "e8c2507a-fc0b-4ea7-b6e4-8e9e73a4e10b",
    "data": [
      {
        "text": "do you have any advice for me",
        "userDefined": false
      }
    ],
    "isTemplate": false,
    "count": 0,
    "updated": 0
  },
  {
    "id": "ad966002-b2b1-4dc7-b2d9-c016822af5ca",
    "data": [
      {
        "text": "what should I do about it",
        "userDefined": false
      }
    ],
    "isTemplate": false,
    "count": 1,
    "updated": 0
  },
  {
    "id": "fe024962-8ee3-45e3-b058-c9c24c93ee52",
    "data": [
      {
        "text": "I seek your advice",
        "userDefined": false
      }
    ],
    "isTemplate": false,
    "count": 0,
    "updated": 0
  },
  {
    "id": "33ec7915-677f-442b-808a-58c93a955731",
    "data": [
      {
        "text": "what do you recommend",
        "userDefined": false
      }
    ],
    "isTemplate": false,
    "count": 0,
    "updated": 0
  },
  {
    "id": "591b8902-7fc5-46a1-bf2a-50b33d9f10d1",
    "data": [
      {
        "text": "help me with advice",
        "userDefined": false
      }
    ],
    "isTemplate": false,
    "count": 0,
    "updated": 0
  },
  {
    "id": "2a3b438a-e4f9-4db9-9116-eb1557dce427",
    "data": [
      {
        "text": "what can you recommend",
        "userDefined": false
      }
    ],
    "isTemplate": false,
    "count": 1,
    "updated": 0
  },
  {
    "id": "267d4970-fecc-4afc-9ff3-1d24bb3f1999",
    "data": [
      {
        "text": "can I ask for your advice",
        "userDefined": false
      }
    ],
    "isTemplate": false,
    "count": 0,
    "updated": 0
  },
  {
    "id": "20e06ab2-a764-4fd5-a3c4-1853d1ad4920",
    "data": [
      {
        "text": "any",
        "meta": "@sys.ignore",
        "userDefined": false
      },
      {
        "text": " advice",
        "userDefined": false
      }
    ],
    "isTemplate": false,
    "count": 0,
    "updated": 0
  },
  {
    "id": "c8d488ca-7f75-4c4d-ac1d-de757b264cf6",
    "data": [
      {
        "text": "any suggestions",
        "userDefined": false
      }
    ],
    "isTemplate": false,
    "count": 0,
    "updated": 0
  },
  {
    "id": "61b99475-00f4-46e0-80cb-ac5914d02617",
    "data": [
      {
        "text": "I need an advice from you",
        "userDefined": false
      }
    ],
    "isTemplate": false,
    "count": 0,
    "updated": 0
  },
  {
    "id": "4d3a7e7b-5ac4-4778-baa5-076d6b3097ae",
    "data": [
      {
        "text": "what is your advice",
        "userDefined": false
      }
    ],
    "isTemplate": false,
    "count": 1,
    "updated": 0
  },
  {
    "id": "4443d833-2271-4165-9a4b-a9c8e961fcae",
    "data": [
      {
        "text": "can you offer any advice",
        "userDefined": false
      }
    ],
    "isTemplate": false,
    "count": 0,
    "updated": 0
  },
  {
    "id": "a646526f-fa86-4165-ae3a-1b459846ce32",
    "data": [
      {
        "text": "can you give me advice",
        "userDefined": false
      }
    ],
    "isTemplate": false,
    "count": 0,
    "updated": 0
  },
  {
    "id": "70665a32-ddb8-467a-9171-e6be0742e26f",
    "data": [
      {
        "text": "give me some advice about",
        "userDefined": false
      }
    ],
    "isTemplate": false,
    "count": 0,
    "updated": 0
  },
  {
    "id": "6a4fd46a-8a0b-4247-9d10-48039a5bc495",
    "data": [
      {
        "text": "what should I do",
        "userDefined": false
      }
    ],
    "isTemplate": false,
    "count": 1,
    "updated": 0
  }
]