[
  {
    "id": "685bce28-4bc9-47da-8c03-a83f5a9db544",
    "data": [
      {
        "text": "that was wrong",
        "userDefined": false
      }
    ],
    "isTemplate": false,
    "count": 2,
    "updated": 0
  },
  {
    "id": "f1f9ad83-b399-46cf-a49e-67ffb10b34a2",
    "data": [
      {
        "text": "wrong",
        "userDefined": false
      }
    ],
    "isTemplate": false,
    "count": 0,
    "updated": 0
  },
  {
    "id": "737e2605-ea5f-4a37-bed9-3cf44dcc1b08",
    "data": [
      {
        "text": "that is incorrect",
        "userDefined": false
      }
    ],
    "isTemplate": false,
    "count": 0,
    "updated": 0
  },
  {
    "id": "8e4601a7-6d7e-46b1-80b1-ce50c1dbc545",
    "data": [
      {
        "text": "that\u0027s wrong",
        "userDefined": false
      }
    ],
    "isTemplate": false,
    "count": 0,
    "updated": 0
  },
  {
    "id": "1875cab9-fe1d-4f42-99e8-35cf95ff1cac",
    "data": [
      {
        "text": "it",
        "meta": "@sys.ignore",
        "userDefined": false
      },
      {
        "text": " is not right",
        "userDefined": false
      }
    ],
    "isTemplate": false,
    "count": 0,
    "updated": 0
  },
  {
    "id": "2eb60c46-5835-48ad-a429-3a5f3a82d9b1",
    "data": [
      {
        "text": "not right",
        "userDefined": false
      }
    ],
    "isTemplate": false,
    "count": 1,
    "updated": 0
  },
  {
    "id": "6f1bf32d-fcf8-490e-bf66-13e36587cc5d",
    "data": [
      {
        "text": "not correct",
        "userDefined": false
      }
    ],
    "isTemplate": false,
    "count": 0,
    "updated": 0
  },
  {
    "id": "cf5ba38c-f4bb-4047-a50c-46a44d4ae1b7",
    "data": [
      {
        "text": "it",
        "meta": "@sys.ignore",
        "userDefined": false
      },
      {
        "text": "\u0027s wrong",
        "userDefined": false
      }
    ],
    "isTemplate": false,
    "count": 0,
    "updated": 0
  },
  {
    "id": "f4b0a034-103e-46fb-86ec-f0c8bd721da4",
    "data": [
      {
        "text": "that\u0027s not what I asked",
        "userDefined": false
      }
    ],
    "isTemplate": false,
    "count": 0,
    "updated": 0
  },
  {
    "id": "95a11a10-a7a1-45f4-8f62-d950cacc189d",
    "data": [
      {
        "text": "incorrect",
        "userDefined": false
      }
    ],
    "isTemplate": false,
    "count": 0,
    "updated": 0
  },
  {
    "id": "fa644dda-b947-4a89-aaae-6abc415ccc80",
    "data": [
      {
        "text": "you are wrong",
        "userDefined": false
      }
    ],
    "isTemplate": false,
    "count": 0,
    "updated": 0
  },
  {
    "id": "5223e561-822d-48f5-9fdf-fe2e3d182b70",
    "data": [
      {
        "text": "that\u0027s not right",
        "userDefined": false
      }
    ],
    "isTemplate": false,
    "count": 0,
    "updated": 0
  }
]