[
  {
    "id": "7177be9e-49a4-4dbb-90f7-6909fec9daa8",
    "data": [
      {
        "text": "bored",
        "userDefined": false
      }
    ],
    "isTemplate": false,
    "count": 0,
    "updated": 0
  },
  {
    "id": "9729e791-0cda-453c-97be-bdc93f48bb25",
    "data": [
      {
        "text": "boring",
        "meta": "@sys.ignore",
        "userDefined": false
      }
    ],
    "isTemplate": false,
    "count": 0,
    "updated": 0
  },
  {
    "id": "00a3fa4e-cf4e-4ed4-910b-a8755479ae82",
    "data": [
      {
        "text": "that was ",
        "userDefined": false
      },
      {
        "text": "boring",
        "meta": "@sys.ignore",
        "userDefined": false
      }
    ],
    "isTemplate": false,
    "count": 0,
    "updated": 0
  },
  {
    "id": "c5fa3b17-b53b-4914-8efa-f5ca4a1dd2e9",
    "data": [
      {
        "text": "very ",
        "userDefined": false
      },
      {
        "text": "boring",
        "meta": "@sys.ignore",
        "userDefined": false
      }
    ],
    "isTemplate": false,
    "count": 0,
    "updated": 0
  },
  {
    "id": "9e56a0b0-b52e-40f5-9ee1-71c0a4beef28",
    "data": [
      {
        "text": "it bores me",
        "userDefined": false
      }
    ],
    "isTemplate": false,
    "count": 0,
    "updated": 0
  },
  {
    "id": "d103c0b4-bcc3-4b9b-8ab2-cdba7db7a557",
    "data": [
      {
        "text": "I am getting bored",
        "userDefined": false
      }
    ],
    "isTemplate": false,
    "count": 0,
    "updated": 0
  },
  {
    "id": "7f1d1c87-6d42-4d16-8c6e-5d7b0f5f485e",
    "data": [
      {
        "text": "this is ",
        "userDefined": false
      },
      {
        "text": "boring",
        "meta": "@sys.ignore",
        "userDefined": false
      }
    ],
    "isTemplate": false,
    "count": 0,
    "updated": 0
  },
  {
    "id": "591135f2-d66e-440e-b6cb-2e61e3d92dc9",
    "data": [
      {
        "text": "I\u0027m bored",
        "userDefined": false
      }
    ],
    "isTemplate": false,
    "count": 0,
    "updated": 0
  }
]