[
  {
    "id": "8318e0f3-17aa-4cd9-a2cf-259b2a7642f7",
    "data": [
      {
        "text": "I have no time",
        "userDefined": false
      }
    ],
    "isTemplate": false,
    "count": 0,
    "updated": 0
  },
  {
    "id": "3aefdcf7-abc4-4d7c-8281-565be4fca11b",
    "data": [
      {
        "text": "I\u0027m busy",
        "userDefined": false
      }
    ],
    "isTemplate": false,
    "count": 0,
    "updated": 0
  },
  {
    "id": "447296aa-dd9d-4788-833e-87fba8efb81c",
    "data": [
      {
        "text": "I\u0027m swamped",
        "userDefined": false
      }
    ],
    "isTemplate": false,
    "count": 0,
    "updated": 0
  },
  {
    "id": "3893f0b5-26ea-4fc7-95a9-324014da2fb5",
    "data": [
      {
        "text": "I\u0027m working",
        "userDefined": false
      }
    ],
    "isTemplate": false,
    "count": 0,
    "updated": 0
  },
  {
    "id": "e70798c8-8e32-4f1d-8106-ba554b681bfc",
    "data": [
      {
        "text": "how busy I am",
        "userDefined": false
      }
    ],
    "isTemplate": false,
    "count": 0,
    "updated": 0
  },
  {
    "id": "e3f9a013-6e8a-420e-8d88-f37bdf5f4a20",
    "data": [
      {
        "text": "I got work to do",
        "userDefined": false
      }
    ],
    "isTemplate": false,
    "count": 0,
    "updated": 0
  },
  {
    "id": "0742d746-a86f-4597-8292-c0c409f85a99",
    "data": [
      {
        "text": "I got things to do",
        "userDefined": false
      }
    ],
    "isTemplate": false,
    "count": 0,
    "updated": 0
  },
  {
    "id": "7938ab1c-9e18-4087-828f-8c1da2e91802",
    "data": [
      {
        "text": "I\u0027m overloaded",
        "userDefined": false
      }
    ],
    "isTemplate": false,
    "count": 0,
    "updated": 0
  },
  {
    "id": "355f87e0-8f8d-4453-95bf-e5b69728e4fe",
    "data": [
      {
        "text": "I don\u0027t have time for this",
        "userDefined": false
      }
    ],
    "isTemplate": false,
    "count": 0,
    "updated": 0
  }
]