[
  {
    "id": "d7d7c79d-dbde-4027-bc0a-e040d6746a4e",
    "data": [
      {
        "text": "what is ",
        "userDefined": false
      },
      {
        "text": "on",
        "meta": "@sys.ignore",
        "userDefined": false
      },
      {
        "text": " ",
        "userDefined": false
      },
      {
        "text": "your",
        "meta": "@sys.ignore",
        "userDefined": false
      },
      {
        "text": " mind",
        "userDefined": false
      }
    ],
    "isTemplate": false,
    "count": 0,
    "updated": 0
  },
  {
    "id": "7b9d79ee-1014-4506-9e54-3cb508cd9d4e",
    "data": [
      {
        "text": "good",
        "meta": "@sys.ignore",
        "userDefined": false
      },
      {
        "text": " what\u0027s up",
        "userDefined": false
      }
    ],
    "isTemplate": false,
    "count": 0,
    "updated": 0
  },
  {
    "id": "ead11ea5-7b03-4609-857f-a07e2a165644",
    "data": [
      {
        "text": "what\u0027s ",
        "userDefined": false
      },
      {
        "text": "up",
        "meta": "@sys.ignore",
        "userDefined": true
      },
      {
        "text": " ",
        "userDefined": false
      },
      {
        "text": "today",
        "meta": "@sys.ignore",
        "userDefined": true
      }
    ],
    "isTemplate": false,
    "count": 0,
    "updated": 0
  },
  {
    "id": "7f045e71-b9ea-42c1-9327-6dc684ea967d",
    "data": [
      {
        "text": "what\u0027s shaking",
        "userDefined": false
      }
    ],
    "isTemplate": false,
    "count": 0,
    "updated": 0
  },
  {
    "id": "f6c4916f-4bcb-4b1d-8417-3d34a927b633",
    "data": [
      {
        "text": "what\u0027s cooking",
        "userDefined": false
      }
    ],
    "isTemplate": false,
    "count": 1,
    "updated": 0
  },
  {
    "id": "e607fbad-3873-4cd9-a14c-30af54e7adbd",
    "data": [
      {
        "text": "what is going ",
        "userDefined": false
      },
      {
        "text": "on",
        "meta": "@sys.ignore",
        "userDefined": false
      }
    ],
    "isTemplate": false,
    "count": 0,
    "updated": 0
  },
  {
    "id": "abfe5ec6-0943-43d5-9df5-4c548abef5a4",
    "data": [
      {
        "text": "then what\u0027s up",
        "userDefined": false
      }
    ],
    "isTemplate": false,
    "count": 0,
    "updated": 0
  },
  {
    "id": "e9fe611d-8945-47a5-8f3f-c328e899f6aa",
    "data": [
      {
        "text": "what is up",
        "userDefined": false
      }
    ],
    "isTemplate": false,
    "count": 0,
    "updated": 0
  },
  {
    "id": "d30371d6-9b17-4653-b72a-548dd102cb8d",
    "data": [
      {
        "text": "wassup",
        "userDefined": false
      }
    ],
    "isTemplate": false,
    "count": 0,
    "updated": 0
  },
  {
    "id": "8ff794b2-8f3e-434e-96a7-7c1f00d41412",
    "data": [
      {
        "text": "what is happening",
        "userDefined": false
      }
    ],
    "isTemplate": false,
    "count": 0,
    "updated": 0
  },
  {
    "id": "0e0206c4-e0e4-4958-9ec4-3f3b571f5f26",
    "data": [
      {
        "text": "what\u0027s happened",
        "userDefined": false
      }
    ],
    "isTemplate": false,
    "count": 1,
    "updated": 0
  },
  {
    "id": "a3e1cb1f-ce7d-4aec-bcd4-5351d34c3ca8",
    "data": [
      {
        "text": "hey what\u0027s up",
        "userDefined": false
      }
    ],
    "isTemplate": false,
    "count": 0,
    "updated": 0
  },
  {
    "id": "cab3f32b-0455-4fa8-bc41-b372bb3bbb64",
    "data": [
      {
        "text": "what\u0027s cracking",
        "userDefined": false
      }
    ],
    "isTemplate": false,
    "count": 0,
    "updated": 0
  },
  {
    "id": "c77f2963-27d5-4503-bfbb-b9cf261be203",
    "data": [
      {
        "text": "what\u0027s up",
        "userDefined": false
      }
    ],
    "isTemplate": false,
    "count": 0,
    "updated": 0
  },
  {
    "id": "fb856ff6-8088-484a-b6f5-efa4e49c3b68",
    "data": [
      {
        "text": "I said what\u0027s up",
        "userDefined": false
      }
    ],
    "isTemplate": false,
    "count": 0,
    "updated": 0
  },
  {
    "id": "6cbfcf73-960d-46b1-932a-8539325ab5e5",
    "data": [
      {
        "text": "whazzup",
        "userDefined": false
      }
    ],
    "isTemplate": false,
    "count": 0,
    "updated": 0
  }
]