[
  {
    "id": "669cec95-a58b-4703-980c-6731b0b3575d",
    "data": [
      {
        "text": "it\u0027s a joke",
        "userDefined": false
      }
    ],
    "isTemplate": false,
    "count": 0,
    "updated": 0
  },
  {
    "id": "0355eae8-f236-4646-b2f0-41b5273ad042",
    "data": [
      {
        "text": "I\u0027m just playing with you",
        "userDefined": false
      }
    ],
    "isTemplate": false,
    "count": 0,
    "updated": 0
  },
  {
    "id": "b5795960-2e06-4029-8549-04c03762b541",
    "data": [
      {
        "text": "kidding",
        "userDefined": false
      }
    ],
    "isTemplate": false,
    "count": 0,
    "updated": 0
  },
  {
    "id": "3cca0a92-5fe2-4d45-8b93-7e56bbe47c0a",
    "data": [
      {
        "text": "just kidding",
        "userDefined": false
      }
    ],
    "isTemplate": false,
    "count": 0,
    "updated": 0
  },
  {
    "id": "4a3e6365-a22d-4e7c-a21c-5341325d3b73",
    "data": [
      {
        "text": "I\u0027m kidding",
        "userDefined": false
      }
    ],
    "isTemplate": false,
    "count": 0,
    "updated": 0
  },
  {
    "id": "fdee892a-44fb-4bf8-8933-b1e10c1249e4",
    "data": [
      {
        "text": "I\u0027m just being funny",
        "userDefined": false
      }
    ],
    "isTemplate": false,
    "count": 0,
    "updated": 0
  },
  {
    "id": "9a5667b4-ad6b-4c9b-8831-a582e42ee596",
    "data": [
      {
        "text": "I am joking",
        "userDefined": false
      }
    ],
    "isTemplate": false,
    "count": 0,
    "updated": 0
  },
  {
    "id": "50a4a464-2e57-4c63-9e19-ee1634965268",
    "data": [
      {
        "text": "joking",
        "userDefined": false
      }
    ],
    "isTemplate": false,
    "count": 0,
    "updated": 0
  },
  {
    "id": "ef5bc3fb-d23d-4bd3-94d7-d3f76d05b3e3",
    "data": [
      {
        "text": "I was just joking",
        "userDefined": false
      }
    ],
    "isTemplate": false,
    "count": 0,
    "updated": 0
  },
  {
    "id": "afb016b8-5d14-49eb-825c-a9c90c833a19",
    "data": [
      {
        "text": "it was a joke",
        "userDefined": false
      }
    ],
    "isTemplate": false,
    "count": 0,
    "updated": 0
  }
]